[{"contentProviders":[],"metadata":[],"broadcastReceivers":[],"broadcastReceiver":[],"libraries":[],"services":[],"type":"br.ufsc.gqs.teachablemachineimageclassifier.TeachableMachineImageClassifier","androidMinSdk":["7"],"activityMetadata":[],"assets":["tf.min.js","teachable_machine_image_classifier.html","jquery-3.5.1.min.js","tfjs-0.13.2.js","teachablemachine-image.min.js","teachable_machine_image_classifier.js"],"native":[],"permissions":["android.permission.INTERNET","android.permission.CAMERA"],"activities":[]}]