[{
 "categoryString": "EXTENSION",
 "dateBuilt": "2022-08-29T19:14:16-0300",
 "nonVisible": "true",
 "iconName": "aiwebres/tmic.png",
 "methods": [
  {
   "deprecated": "false",
   "name": "ClassifyVideoData",
   "description": "Performs the classification",
   "params": []
  },
  {
   "deprecated": "false",
   "name": "StopWebcam",
   "description": "Stop the webcam",
   "params": []
  }
 ],
 "blockProperties": [
  {
   "rw": "write-only",
   "deprecated": "false",
   "name": "UrlModel",
   "description": "Property for UrlModel",
   "type": "text"
  },
  {
   "rw": "invisible",
   "deprecated": "false",
   "name": "WebViewer",
   "description": "Property for WebViewer",
   "type": "component"
  }
 ],
 "helpUrl": "",
 "licenseName": "",
 "type": "br.ufsc.gqs.teachablemachineimageclassifier.TeachableMachineImageClassifier",
 "androidMinSdk": 7,
 "version": "20210315",
 "external": "true",
 "showOnPalette": "true",
 "assets": [
  "tf.min.js",
  "teachable_machine_image_classifier.html",
  "jquery-3.5.1.min.js",
  "tfjs-0.13.2.js",
  "teachablemachine-image.min.js",
  "teachable_machine_image_classifier.js"
 ],
 "name": "TeachableMachineImageClassifier",
 "helpString": "Component that classifies images using a user trained model from the Google Teachable Machine. You must provide a WebViewer component in the TeachableMachineImageClassifier component's WebViewer property in order for classification to work.",
 "properties": [
  {
   "defaultValue": "",
   "name": "UrlModel",
   "editorArgs": [],
   "editorType": "string"
  },
  {
   "defaultValue": "",
   "name": "WebViewer",
   "editorArgs": [],
   "editorType": "component:com.google.appinventor.runtime.components.WebViewer"
  }
 ],
 "events": [
  {
   "deprecated": "false",
   "name": "ClassifierReady",
   "description": "Event indicating that the classifier is ready.",
   "params": []
  },
  {
   "deprecated": "false",
   "name": "GotClassification",
   "description": "Event indicating that classification has finished successfully. Result is of the form [[class1, confidence1], [class2, confidence2], ..., [class10, confidence10]].",
   "params": [{
    "name": "result",
    "type": "dictionary"
   }]
  }
 ]
}]